1,George Washington,./pics/p1.jpg
2,John Adams,./pics/p2.jpg
3,Thomas Jefferson,./pics/p3.jpg
4,James Madison,./pics/p4.jpg
5,James Monroe,./pics/p5.jpg
6,John Quincy Adams,./pics/p6.jpg
7,Andrew Jackson,./pics/p7.jpg
8,Martin Van Buren,./pics/p8.jpg
9,William Henry Harrison,./pics/p9.jpg
10,John Tyler,./pics/p10.jpg
11,James K. Polk,./pics/p11.jpg
12,Zachary Taylor,./pics/p12.jpg
13,Millard Fillmore,./pics/p13.jpg
14,Franklin Pierce,./pics/p14.jpg
15,James Buchanan,./pics/p15.jpg
16,Abraham Lincoln,./pics/p16.jpg
17,Andrew Johnson,./pics/p17.jpg
18,Ulysses S. Grant,./pics/p18.jpg
19,Rutherford B. Hayes,./pics/p19.jpg
20,James A. Garfield,./pics/p20.jpg
21,Chester A. Arthur,./pics/p21.jpg
22,Grover Cleveland,./pics/p22.jpg
23,Benjamin Harrison,./pics/p23.jpg
24,Grover Cleveland,./pics/p24.jpg
25,William McKinley,./pics/p25.jpg
26,Theodore Roosevelt,./pics/p26.jpg
27,William Howard Taft,./pics/p27.jpg
28,Woodrow Wilson,./pics/p28.jpg
29,Warren G. Harding,./pics/p29.jpg
30,Calvin Coolidge,./pics/p30.jpg
31,Herbert Hoover,./pics/p31.jpg
32,Franklin D. Roosevelt,./pics/p32.jpg
33,Harry S. Truman,./pics/p33.jpg
34,Dwight D. Eisenhower,./pics/p34.jpg
35,John F. Kennedy,./pics/p35.jpg
36,Lyndon B. Johnson,./pics/p36.jpg
37,Richard Nixon,./pics/p37.jpg
38,Gerald Ford,./pics/p38.jpg
39,Jimmy Carter,./pics/p39.jpg
40,Ronald Reagan,./pics/p40.jpg
41,George H. W. Bush,./pics/p41.jpg
42,Bill Clinton,./pics/p42.jpg
43,George W. Bush,./pics/p43.jpg
44,Barack Obama,./pics/p44.jpg
45,Donald Trump,./pics/p45.jpg